question;correct_answer;wrong_answer;"free_response ";difficult_level;tags
"<img src=""http://upload.wikimedia.org/wikipedia/commons/thumb/1/19/Afghanistan_%28orthographic_projection%29.svg/500px-Afghanistan_%28orthographic_projection%29.svg.png"" height=""300"" />";"Afghanistan ";;;;Asia
"<img src=""http://upload.wikimedia.org/wikipedia/commons/thumb/c/ce/Europe-Albania.svg/571px-Europe-Albania.svg.png"" height=""300"" />";"Albania ";;;;Europa
"<img src=""http://upload.wikimedia.org/wikipedia/commons/thumb/9/9a/Location_Algeria_AU_Africa.svg/517px-Location_Algeria_AU_Africa.svg.png"" height=""300"" />";"Algeria ";;;;Africa
"<img src=""https://upload.wikimedia.org/wikipedia/commons/1/12/Location_Andorra_Europe.png"" height=""300"" />";"Andorra ";;;;Europa
"<img src=""http://upload.wikimedia.org/wikipedia/commons/thumb/8/89/Angola_%28orthographic_projection%29.svg/500px-Angola_%28orthographic_projection%29.svg.png"" height=""300"" />";"Angola ";;;;Africa
"<img src=""http://upload.wikimedia.org/wikipedia/commons/thumb/2/21/ATG_orthographic.svg/500px-ATG_orthographic.svg.png"" height=""300"" />";"Antigua e Barbuda";;;;"America Centrale"
"<img src=""http://upload.wikimedia.org/wikipedia/commons/thumb/4/47/Saudi_Arabia_%28orthographic_projection%29.svg/500px-Saudi_Arabia_%28orthographic_projection%29.svg.png"" height=""300"" />";"Arabia Saudita ";;;;Asia
"<img src=""http://upload.wikimedia.org/wikipedia/commons/thumb/b/bd/Argentina_orthographic.svg/500px-Argentina_orthographic.svg.png"" height=""300"" />";"Argentina ";;;;"Sud America"
"<img src=""http://upload.wikimedia.org/wikipedia/commons/thumb/9/96/Armenia_%28orthographic_projection%29.svg/500px-Armenia_%28orthographic_projection%29.svg.png"" height=""300"" />";"Armenia ";;;;Asia
"<img src=""http://upload.wikimedia.org/wikipedia/commons/thumb/3/3d/AUS_orthographic.svg/500px-AUS_orthographic.svg.png"" height=""300"" />";"Australia ";;;;Oceania
"<img src=""http://upload.wikimedia.org/wikipedia/commons/thumb/9/9d/EU-Austria.svg/500px-EU-Austria.svg.png"" height=""300"" />";"Austria ";;;;Europa
"<img src=""http://upload.wikimedia.org/wikipedia/commons/thumb/2/2d/Azerbaijan_with_Nagorno_Karabakh_region.svg/500px-Azerbaijan_with_Nagorno_Karabakh_region.svg.png"" height=""300"" />";"Azerbaigian ";;;;Asia
"<img src=""http://upload.wikimedia.org/wikipedia/commons/thumb/b/b0/LocationBahamas.svg/500px-LocationBahamas.svg.png"" height=""300"" />";"Bahamas ";;;;"America Centrale"
"<img src=""http://upload.wikimedia.org/wikipedia/commons/thumb/8/83/Map_of_Bahrain.svg/500px-Map_of_Bahrain.svg.png"" height=""300"" />";"Bahrein ";;;;Asia
"<img src=""http://upload.wikimedia.org/wikipedia/commons/thumb/f/f2/Bangladesh_%28orthographic_projection%29.svg/500px-Bangladesh_%28orthographic_projection%29.svg.png"" height=""300"" />";"Bangladesh ";;;;Asia
"<img src=""http://upload.wikimedia.org/wikipedia/commons/thumb/a/a1/BRB_orthographic.svg/500px-BRB_orthographic.svg.png"" height=""300"" />";"Barbados ";;;;"America Centrale"
"<img src=""http://upload.wikimedia.org/wikipedia/commons/thumb/6/67/EU-Belgium.svg/500px-EU-Belgium.svg.png"" height=""300"" />";"Belgio ";;;;Europa
"<img src=""http://upload.wikimedia.org/wikipedia/commons/thumb/4/43/BLZ_orthographic.svg/500px-BLZ_orthographic.svg.png"" height=""300"" />";"Belize ";;;;"America Centrale"
"<img src=""http://upload.wikimedia.org/wikipedia/commons/thumb/b/b6/Location_Benin_AU_Africa.svg/500px-Location_Benin_AU_Africa.svg.png"" height=""300"" />";"Benin ";;;;Africa
"<img src=""http://upload.wikimedia.org/wikipedia/commons/thumb/c/ce/Bhutan_%28orthographic_projection%29.svg/500px-Bhutan_%28orthographic_projection%29.svg.png"" height=""300"" />";"Bhutan ";;;;Asia
"<img src=""http://upload.wikimedia.org/wikipedia/commons/thumb/a/af/Europe-Belarus.svg/500px-Europe-Belarus.svg.png"" height=""300"" />";"Bielorussia ";;;;Europa
"<img src=""http://upload.wikimedia.org/wikipedia/commons/thumb/b/b8/Location_Burma_%28Myanmar%29_ASEAN.svg/500px-Location_Burma_%28Myanmar%29_ASEAN.svg.png"" height=""300"" />";Birmania|Myanmar;;;;Asia
"<img src=""http://upload.wikimedia.org/wikipedia/commons/thumb/f/f3/Bolivia_%28orthographic_projection%29.svg/500px-Bolivia_%28orthographic_projection%29.svg.png"" height=""300"" />";"Bolivia ";;;;"Sud America"
"<img src=""http://upload.wikimedia.org/wikipedia/commons/thumb/9/94/Europe-Bosnia_and_Herzegovina.svg/500px-Europe-Bosnia_and_Herzegovina.svg.png"" height=""300"" />";"Bosnia ed Erzegovina|Bosnia and Herzegovina";;;;Europa
"<img src=""http://upload.wikimedia.org/wikipedia/commons/thumb/a/a8/Location_Botswana_AU_Africa.svg/500px-Location_Botswana_AU_Africa.svg.png"" height=""300"" />";"Botswana ";;;;Africa
"<img src=""http://upload.wikimedia.org/wikipedia/commons/thumb/b/bc/BRA_orthographic.svg/500px-BRA_orthographic.svg.png"" height=""300"" />";"Brasile ";;;;"Sud America"
"<img src=""http://upload.wikimedia.org/wikipedia/commons/thumb/d/d8/Brunei_on_the_globe_%28Brunei_centered%29.svg/500px-Brunei_on_the_globe_%28Brunei_centered%29.svg.png"" height=""300"" />";"Brunei ";;;;Asia
"<img src=""http://upload.wikimedia.org/wikipedia/commons/thumb/e/e9/EU-Bulgaria.svg/500px-EU-Bulgaria.svg.png"" height=""300"" />";"Bulgaria ";;;;Europa
"<img src=""http://upload.wikimedia.org/wikipedia/commons/thumb/3/35/Location_Burkina_Faso_AU_Africa.svg/500px-Location_Burkina_Faso_AU_Africa.svg.png"" height=""300"" />";"Burkina Faso ";;;;Africa
"<img src=""http://upload.wikimedia.org/wikipedia/commons/thumb/2/27/Burundi_%28orthographic_projection%29.svg/500px-Burundi_%28orthographic_projection%29.svg.png"" height=""300"" />";"Burundi ";;;;Africa
"<img src=""http://upload.wikimedia.org/wikipedia/commons/thumb/9/91/Location_Cambodia_ASEAN.svg/500px-Location_Cambodia_ASEAN.svg.png"" height=""300"" />";"Cambogia ";;;;Asia
"<img src=""http://upload.wikimedia.org/wikipedia/commons/thumb/b/b4/Cameroon_%28orthographic_projection%29.svg/500px-Cameroon_%28orthographic_projection%29.svg.png"" height=""300"" />";"Camerun ";;;;Africa
"<img src=""http://upload.wikimedia.org/wikipedia/commons/thumb/c/c7/Canada_%28orthographic_projection%29.svg/500px-Canada_%28orthographic_projection%29.svg.png"" height=""300"" />";"Canada ";;;;"Nord America"
"<img src=""http://upload.wikimedia.org/wikipedia/commons/thumb/4/47/Cape_Verde_%28orthographic_projection%29.svg/500px-Cape_Verde_%28orthographic_projection%29.svg.png"" height=""300"" />";"Capo Verde ";;;;Africa
"<img src=""http://upload.wikimedia.org/wikipedia/commons/thumb/7/7b/ChadMap.svg/500px-ChadMap.svg.png"" height=""300"" />";"Ciad ";;;;Africa
"<img src=""http://upload.wikimedia.org/wikipedia/commons/thumb/d/d5/Chile_%28orthographic_projection%29.svg/500px-Chile_%28orthographic_projection%29.svg.png"" height=""300"" />";"Cile ";;;;"Sud America"
"<img src=""http://upload.wikimedia.org/wikipedia/commons/thumb/7/78/People%27s_Republic_of_China_%28orthographic_projection%29.svg/500px-People%27s_Republic_of_China_%28orthographic_projection%29.svg.png"" height=""300"" />";"Cina ";;;;Asia
"<img src=""http://upload.wikimedia.org/wikipedia/commons/thumb/4/4f/EU-Cyprus.svg/500px-EU-Cyprus.svg.png"" height=""300"" />";"Cipro ";;;;Europa
"<img src=""http://upload.wikimedia.org/wikipedia/commons/f/f7/Location_Vatican_City_Europe.png"" height=""300"" />";"Città del Vaticano ";;;;Europa
"<img src=""http://upload.wikimedia.org/wikipedia/commons/thumb/c/ca/COL_orthographic_%28San_Andr%C3%A9s_and_Providencia_special%29.svg/500px-COL_orthographic_%28San_Andr%C3%A9s_and_Providencia_special%29.svg.png"" height=""300"" />";"Colombia ";;;;"Sud America"
"<img src=""http://upload.wikimedia.org/wikipedia/commons/thumb/a/ad/Comoros_%28orthographic_projection%29.svg/500px-Comoros_%28orthographic_projection%29.svg.png"" height=""300"" />";"Comore ";;;;Africa
"<img src=""http://upload.wikimedia.org/wikipedia/commons/thumb/7/7b/North_Korea_%28orthographic_projection%29.svg/500px-North_Korea_%28orthographic_projection%29.svg.png"" height=""300"" />";"Corea del Nord ";;;;Asia
"<img src=""http://upload.wikimedia.org/wikipedia/commons/thumb/9/95/South_Korea_%28orthographic_projection%29.svg/500px-South_Korea_%28orthographic_projection%29.svg.png"" height=""300"" />";"Corea del Sud ";;;;Asia
"<img src=""http://upload.wikimedia.org/wikipedia/commons/thumb/c/cd/Location_C%C3%B4te_d%27Ivoire_AU_Africa.svg/500px-Location_C%C3%B4te_d%27Ivoire_AU_Africa.svg.png"" height=""300"" />";"Costa d'Avorio ";;;;Africa
"<img src=""http://upload.wikimedia.org/wikipedia/commons/thumb/c/c4/Costa_Rica_%28orthographic_projection%29.svg/500px-Costa_Rica_%28orthographic_projection%29.svg.png"" height=""300"" />";"Costa Rica ";;;;"America Centrale"
"<img src=""http://upload.wikimedia.org/wikipedia/commons/thumb/1/15/EU-Croatia.svg/500px-EU-Croatia.svg.png"" height=""300"" />";"Croazia ";;;;Europa
"<img src=""http://upload.wikimedia.org/wikipedia/commons/thumb/2/25/Cuba_on_the_globe_%28Americas_centered%29.svg/500px-Cuba_on_the_globe_%28Americas_centered%29.svg.png"" height=""300"" />";"Cuba ";;;;"America Centrale"
"<img src=""http://upload.wikimedia.org/wikipedia/commons/thumb/9/9a/EU-Denmark.svg/500px-EU-Denmark.svg.png"" height=""300"" />";"Danimarca ";;;;Europa
"<img src=""http://upload.wikimedia.org/wikipedia/commons/thumb/1/13/LocationDominica.svg/500px-LocationDominica.svg.png"" height=""300"" />";"Dominica ";;;;"America Centrale"
"<img src=""http://upload.wikimedia.org/wikipedia/commons/thumb/c/c8/Ecuador_%28orthographic_projection%29.svg/500px-Ecuador_%28orthographic_projection%29.svg.png"" height=""300"" />";"Ecuador ";;;;"Sud America"
"<img src=""http://upload.wikimedia.org/wikipedia/commons/thumb/4/4b/Egypt_%28orthographic_projection%29.svg/500px-Egypt_%28orthographic_projection%29.svg.png"" height=""300"" />";"Egitto ";;;;Africa
"<img src=""http://upload.wikimedia.org/wikipedia/commons/thumb/8/86/LocationElSalvador.svg/500px-LocationElSalvador.svg.png"" height=""300"" />";"El Salvador ";;;;"America Centrale"
"<img src=""http://upload.wikimedia.org/wikipedia/commons/thumb/c/cd/United_Arab_Emirates_%28orthographic_projection%29.svg/500px-United_Arab_Emirates_%28orthographic_projection%29.svg.png"" height=""300"" />";"Emirati Arabi Uniti ";;;;Asia
"<img src=""http://upload.wikimedia.org/wikipedia/commons/thumb/4/43/Eritrea_%28Africa_orthographic_projection%29.svg/500px-Eritrea_%28Africa_orthographic_projection%29.svg.png"" height=""300"" />";"Eritrea ";;;;Africa
"<img src=""http://upload.wikimedia.org/wikipedia/commons/thumb/a/a2/EU-Estonia.svg/500px-EU-Estonia.svg.png"" height=""300"" />";"Estonia ";;;;Europa
"<img src=""http://upload.wikimedia.org/wikipedia/commons/thumb/d/dd/Ethiopia_%28Africa_orthographic_projection%29.svg/500px-Ethiopia_%28Africa_orthographic_projection%29.svg.png"" height=""300"" />";"Etiopia ";;;;Africa
"<img src=""http://upload.wikimedia.org/wikipedia/commons/thumb/f/fa/Fiji_%28orthographic_projection%29.svg/500px-Fiji_%28orthographic_projection%29.svg.png"" height=""300"" />";"Figi ";;;;Oceania
"<img src=""http://upload.wikimedia.org/wikipedia/commons/thumb/6/6d/PHL_orthographic.svg/500px-PHL_orthographic.svg.png"" height=""300"" />";"Filippine ";;;;Asia
"<img src=""http://upload.wikimedia.org/wikipedia/commons/thumb/6/6e/EU-Finland.svg/500px-EU-Finland.svg.png"" height=""300"" />";"Finlandia ";;;;Europa
"<img src=""http://upload.wikimedia.org/wikipedia/commons/thumb/a/a3/EU-France.svg/500px-EU-France.svg.png"" height=""300"" />";"Francia ";;;;Europa
"<img src=""http://upload.wikimedia.org/wikipedia/commons/thumb/b/bf/Gabon_%28orthographic_projection%29.svg/500px-Gabon_%28orthographic_projection%29.svg.png"" height=""300"" />";"Gabon ";;;;Africa
"<img src=""http://upload.wikimedia.org/wikipedia/commons/thumb/0/0d/Gambia_in_its_region.svg/500px-Gambia_in_its_region.svg.png"" height=""300"" />";"Gambia ";;;;Africa
"<img src=""http://upload.wikimedia.org/wikipedia/commons/thumb/6/67/Georgia_%28orthographic_projection_with_inset%29.svg/500px-Georgia_%28orthographic_projection_with_inset%29.svg.png"" height=""300"" />";"Georgia ";;;;Asia
"<img src=""http://upload.wikimedia.org/wikipedia/commons/thumb/2/26/EU-Germany.svg/500px-EU-Germany.svg.png"" height=""300"" />";"Germania ";;;;Europa
"<img src=""http://upload.wikimedia.org/wikipedia/commons/thumb/6/60/Ghana_on_the_globe_%28Cape_Verde_centered%29.svg/500px-Ghana_on_the_globe_%28Cape_Verde_centered%29.svg.png"" height=""300"" />";"Ghana ";;;;Africa
"<img src=""http://upload.wikimedia.org/wikipedia/commons/thumb/e/eb/Jamaica_%28orthographic_projection%29.svg/500px-Jamaica_%28orthographic_projection%29.svg.png"" height=""300"" />";"Giamaica ";;;;"America Centrale"
"<img src=""http://upload.wikimedia.org/wikipedia/commons/thumb/6/62/Japan_%28orthographic_projection%29.svg/500px-Japan_%28orthographic_projection%29.svg.png"" height=""300"" />";"Giappone ";;;;Asia
"<img src=""http://upload.wikimedia.org/wikipedia/commons/thumb/1/1a/LocationDjibouti.svg/500px-LocationDjibouti.svg.png"" height=""300"" />";"Gibuti ";;;;Africa
"<img src=""http://upload.wikimedia.org/wikipedia/commons/thumb/9/99/LocationJordan.svg/500px-LocationJordan.svg.png"" height=""300"" />";"Giordania ";;;;Asia
"<img src=""http://upload.wikimedia.org/wikipedia/commons/thumb/2/21/EU-Greece.svg/500px-EU-Greece.svg.png"" height=""300"" />";"Grecia ";;;;Europa
"<img src=""http://upload.wikimedia.org/wikipedia/commons/thumb/5/53/Grenada_in_its_region.svg/500px-Grenada_in_its_region.svg.png"" height=""300"" />";"Grenada ";;;;"America Centrale"
"<img src=""http://upload.wikimedia.org/wikipedia/commons/thumb/7/70/Guatemala_%28orthographic_projection%29.svg/500px-Guatemala_%28orthographic_projection%29.svg.png"" height=""300"" />";"Guatemala ";;;;"America Centrale"
"<img src=""http://upload.wikimedia.org/wikipedia/commons/thumb/0/04/Location_Guinea_AU_Africa.svg/500px-Location_Guinea_AU_Africa.svg.png"" height=""300"" />";"Guinea ";;;;Africa
"<img src=""http://upload.wikimedia.org/wikipedia/commons/thumb/e/e2/Location_Equatorial_Guinea_AU_Africa.svg/500px-Location_Equatorial_Guinea_AU_Africa.svg.png"" height=""300"" />";"Guinea Equatoriale ";;;;Africa
"<img src=""http://upload.wikimedia.org/wikipedia/commons/thumb/c/c3/LocationGuineaBissau.svg/500px-LocationGuineaBissau.svg.png"" height=""300"" />";"Guinea-Bissau ";;;;Africa
"<img src=""http://upload.wikimedia.org/wikipedia/commons/thumb/2/20/Guyana_%28orthographic_projection%29.svg/500px-Guyana_%28orthographic_projection%29.svg.png"" height=""300"" />";"Guyana ";;;;"Sud America"
"<img src=""http://upload.wikimedia.org/wikipedia/commons/thumb/f/fe/Haiti_%28orthographic_projection%29.svg/500px-Haiti_%28orthographic_projection%29.svg.png"" height=""300"" />";"Haiti ";;;;"America Centrale"
"<img src=""http://upload.wikimedia.org/wikipedia/commons/thumb/3/3a/Honduras_%28orthographic_projection%29.svg/500px-Honduras_%28orthographic_projection%29.svg.png"" height=""300"" />";"Honduras ";;;;"America Centrale"
"<img src=""http://upload.wikimedia.org/wikipedia/commons/thumb/b/bb/India_%28orthographic_projection%29.svg/500px-India_%28orthographic_projection%29.svg.png"" height=""300"" />";"India ";;;;Asia
"<img src=""http://upload.wikimedia.org/wikipedia/commons/thumb/0/05/Indonesia_%28orthographic_projection%29.svg/500px-Indonesia_%28orthographic_projection%29.svg.png"" height=""300"" />";"Indonesia ";;;;Asia
"<img src=""http://upload.wikimedia.org/wikipedia/commons/thumb/a/a8/Iran_%28orthographic_projection%29.svg/500px-Iran_%28orthographic_projection%29.svg.png"" height=""300"" />";"Iran ";;;;Asia
"<img src=""http://upload.wikimedia.org/wikipedia/commons/thumb/5/59/Iraq_%28orthographic_projection%29.svg/500px-Iraq_%28orthographic_projection%29.svg.png"" height=""300"" />";"Iraq ";;;;Asia
"<img src=""http://upload.wikimedia.org/wikipedia/commons/thumb/2/2a/EU-Ireland.svg/500px-EU-Ireland.svg.png"" height=""300"" />";"Irlanda ";;;;Europa
"<img src=""http://upload.wikimedia.org/wikipedia/commons/thumb/6/66/Europe-Iceland.svg/500px-Europe-Iceland.svg.png"" height=""300"" />";"Islanda ";;;;Europa
"<img src=""http://upload.wikimedia.org/wikipedia/commons/thumb/1/18/Marshall_Islands_on_the_globe_%28small_islands_magnified%29_%28Polynesia_centered%29.svg/500px-Marshall_Islands_on_the_globe_%28small_islands_magnified%29_%28Polynesia_centered%29.svg.png"" height=""300"" />";"Isole Marshall ";;;;Oceania
"<img src=""http://upload.wikimedia.org/wikipedia/commons/thumb/8/8a/Solomon_Islands_on_the_globe_%28Oceania_centered%29.svg/500px-Solomon_Islands_on_the_globe_%28Oceania_centered%29.svg.png"" height=""300"" />";"Isole Salomone ";;;;Oceania
"<img src=""http://upload.wikimedia.org/wikipedia/commons/thumb/4/47/ISR_orthographic.svg/500px-ISR_orthographic.svg.png"" height=""300"" />";"Israele ";;;;Asia
"<img src=""http://upload.wikimedia.org/wikipedia/commons/thumb/b/ba/EU-Italy.svg/500px-EU-Italy.svg.png"" height=""300"" />";"Italia ";;;;Europa
"<img src=""http://upload.wikimedia.org/wikipedia/commons/thumb/3/3e/Kazakhstan_%28orthographic_projection%29.svg/500px-Kazakhstan_%28orthographic_projection%29.svg.png"" height=""300"" />";"Kazakistan ";;;;Asia
"<img src=""http://upload.wikimedia.org/wikipedia/commons/thumb/a/a5/Kenya_%28orthographic_projection%29.svg/500px-Kenya_%28orthographic_projection%29.svg.png"" height=""300"" />";"Kenya ";;;;Africa
"<img src=""http://upload.wikimedia.org/wikipedia/commons/thumb/7/7c/Kyrgyzstan_%28orthographic_projection%29.svg/500px-Kyrgyzstan_%28orthographic_projection%29.svg.png"" height=""300"" />";"Kirghizistan ";;;;Asia
"<img src=""http://upload.wikimedia.org/wikipedia/commons/thumb/d/d9/Kiribati_on_the_globe_%28Polynesia_centered%29.svg/500px-Kiribati_on_the_globe_%28Polynesia_centered%29.svg.png"" height=""300"" />";"Kiribati ";;;;Oceania
"<img src=""http://upload.wikimedia.org/wikipedia/commons/thumb/a/ad/Kuwait_in_its_region.svg/500px-Kuwait_in_its_region.svg.png"" height=""300"" />";"Kuwait ";;;;Asia
"<img src=""http://upload.wikimedia.org/wikipedia/commons/thumb/a/ac/Location_Laos_ASEAN.svg/500px-Location_Laos_ASEAN.svg.png"" height=""300"" />";"Laos ";;;;Asia
"<img src=""http://upload.wikimedia.org/wikipedia/commons/thumb/d/d2/Location_Lesotho_AU_Africa.svg/500px-Location_Lesotho_AU_Africa.svg.png"" height=""300"" />";"Lesotho ";;;;Africa
"<img src=""http://upload.wikimedia.org/wikipedia/commons/thumb/3/32/EU-Latvia.svg/500px-EU-Latvia.svg.png"" height=""300"" />";"Lettonia ";;;;Europa
"<img src=""http://upload.wikimedia.org/wikipedia/commons/thumb/9/96/Lebanon_%28orthographic_projection%29.svg/500px-Lebanon_%28orthographic_projection%29.svg.png"" height=""300"" />";"Libano ";;;;Asia
"<img src=""http://upload.wikimedia.org/wikipedia/commons/thumb/6/6f/Location_Liberia_AU_Africa.svg/500px-Location_Liberia_AU_Africa.svg.png"" height=""300"" />";"Liberia ";;;;Africa
"<img src=""http://upload.wikimedia.org/wikipedia/commons/thumb/1/1b/Location_Libya_AU_Africa.svg/500px-Location_Libya_AU_Africa.svg.png"" height=""300"" />";"Libia ";;;;Africa
"<img src=""http://upload.wikimedia.org/wikipedia/commons/3/36/Location_Liechtenstein_Europe.png"" height=""300"" />";"Liechtenstein ";;;;Europa
"<img src=""http://upload.wikimedia.org/wikipedia/commons/thumb/e/ec/EU-Lithuania.svg/500px-EU-Lithuania.svg.png"" height=""300"" />";"Lituania ";;;;Europa
"<img src=""http://upload.wikimedia.org/wikipedia/commons/thumb/c/c3/EU-Luxembourg.svg/500px-EU-Luxembourg.svg.png"" height=""300"" />";"Lussemburgo ";;;;Europa
"<img src=""http://upload.wikimedia.org/wikipedia/commons/thumb/e/e7/Europe-Macedonia.svg/500px-Europe-Macedonia.svg.png"" height=""300"" />";"Macedonia ";;;;Europa
"<img src=""http://upload.wikimedia.org/wikipedia/commons/thumb/6/6c/MDG_orthographic.svg/500px-MDG_orthographic.svg.png"" height=""300"" />";"Madagascar ";;;;Africa
"<img src=""http://upload.wikimedia.org/wikipedia/commons/thumb/1/1a/Malawi_%28orthographic_projection%29.svg/500px-Malawi_%28orthographic_projection%29.svg.png"" height=""300"" />";"Malawi ";;;;Africa
"<img src=""http://upload.wikimedia.org/wikipedia/commons/thumb/4/4b/Maldives_%28orthographic_projection%29.svg/500px-Maldives_%28orthographic_projection%29.svg.png"" height=""300"" />";"Maldive ";;;;Asia
"<img src=""http://upload.wikimedia.org/wikipedia/commons/thumb/2/23/Malaysia_%28orthographic_projection%29.svg/500px-Malaysia_%28orthographic_projection%29.svg.png"" height=""300"" />";"Malesia ";;;;Asia
"<img src=""http://upload.wikimedia.org/wikipedia/commons/thumb/8/84/Mali_de_iure_%28orthographic_projection%29.svg/500px-Mali_de_iure_%28orthographic_projection%29.svg.png"" height=""300"" />";"Mali ";;;;Africa
"<img src=""http://upload.wikimedia.org/wikipedia/commons/thumb/6/63/EU-Malta.svg/500px-EU-Malta.svg.png"" height=""300"" />";"Malta ";;;;Europa
"<img src=""http://upload.wikimedia.org/wikipedia/commons/thumb/9/91/Morocco_%28orthographic_projection%29.svg/500px-Morocco_%28orthographic_projection%29.svg.png"" height=""300"" />";"Marocco ";;;;Africa
"<img src=""http://upload.wikimedia.org/wikipedia/commons/thumb/a/ac/Mauritania_%28orthographic_projection%29.svg/500px-Mauritania_%28orthographic_projection%29.svg.png"" height=""300"" />";"Mauritania ";;;;Africa
"<img src=""http://upload.wikimedia.org/wikipedia/commons/thumb/4/4b/Mauritius_%28orthographic_projection_with_inset%29.svg/500px-Mauritius_%28orthographic_projection_with_inset%29.svg.png"" height=""300"" />";"Mauritius ";;;;Africa
"<img src=""http://upload.wikimedia.org/wikipedia/commons/thumb/0/06/MEX_orthographic.svg/500px-MEX_orthographic.svg.png"" height=""300"" />";"Messico ";;;;"America Centrale"
"<img src=""http://upload.wikimedia.org/wikipedia/commons/thumb/c/c6/Micronesia_on_the_globe_%28small_islands_magnified%29_%28Polynesia_centered%29.svg/500px-Micronesia_on_the_globe_%28small_islands_magnified%29_%28Polynesia_centered%29.svg.png"" height=""300"" />";"Stati Federati di Micronesia";;;;Oceania
"<img src=""http://upload.wikimedia.org/wikipedia/commons/thumb/f/fe/Location_Moldova_Europe.png/548px-Location_Moldova_Europe.png"" height=""300"" />";"Moldavia ";;;;Europa
"<img src=""http://upload.wikimedia.org/wikipedia/commons/thumb/f/f5/Location_Monaco_Europe.png/548px-Location_Monaco_Europe.png"" height=""300"" />";"Monaco ";;;;Europa
"<img src=""http://upload.wikimedia.org/wikipedia/commons/thumb/f/f3/Mongolia_%28orthographic_projection%29.svg/500px-Mongolia_%28orthographic_projection%29.svg.png"" height=""300"" />";"Mongolia ";;;;Asia
"<img src=""http://upload.wikimedia.org/wikipedia/commons/thumb/b/b0/Europe-Montenegro.svg/500px-Europe-Montenegro.svg.png"" height=""300"" />";"Montenegro ";;;;Europa
"<img src=""http://upload.wikimedia.org/wikipedia/commons/thumb/8/84/Mozambique_%28orthographic_projection%29.svg/500px-Mozambique_%28orthographic_projection%29.svg.png"" height=""300"" />";"Mozambico ";;;;Africa
"<img src=""http://upload.wikimedia.org/wikipedia/commons/thumb/6/67/Location_Namibia_AU_Africa.svg/500px-Location_Namibia_AU_Africa.svg.png"" height=""300"" />";"Namibia ";;;;Africa
"<img src=""http://upload.wikimedia.org/wikipedia/commons/thumb/2/25/Nauru_on_the_globe_%28Polynesia_centered%29.svg/500px-Nauru_on_the_globe_%28Polynesia_centered%29.svg.png"" height=""300"" />";"Nauru ";;;;Oceania
"<img src=""http://upload.wikimedia.org/wikipedia/commons/thumb/d/d4/Nepal_%28orthographic_projection%29.svg/500px-Nepal_%28orthographic_projection%29.svg.png"" height=""300"" />";"Nepal ";;;;Asia
"<img src=""http://upload.wikimedia.org/wikipedia/commons/thumb/3/38/Nicaragua_%28orthographic_projection%29.svg/500px-Nicaragua_%28orthographic_projection%29.svg.png"" height=""300"" />";"Nicaragua ";;;;"America Centrale"
"<img src=""http://upload.wikimedia.org/wikipedia/commons/thumb/6/68/Location_Niger_AU_Africa.svg/500px-Location_Niger_AU_Africa.svg.png"" height=""300"" />";"Niger ";;;;Africa
"<img src=""http://upload.wikimedia.org/wikipedia/commons/thumb/2/2d/Location_Nigeria_AU_Africa.svg/500px-Location_Nigeria_AU_Africa.svg.png"" height=""300"" />";"Nigeria ";;;;Africa
"<img src=""http://upload.wikimedia.org/wikipedia/commons/thumb/0/01/Europe-Norway.svg/500px-Europe-Norway.svg.png"" height=""300"" />";"Norvegia ";;;;Europa
"<img src=""http://upload.wikimedia.org/wikipedia/commons/thumb/2/29/NZL_orthographic_NaturalEarth.svg/500px-NZL_orthographic_NaturalEarth.svg.png"" height=""300"" />";"Nuova Zelanda ";;;;Oceania
"<img src=""http://upload.wikimedia.org/wikipedia/commons/thumb/8/8d/Oman_%28orthographic_projection%29.svg/500px-Oman_%28orthographic_projection%29.svg.png"" height=""300"" />";"Oman ";;;;Asia
"<img src=""http://upload.wikimedia.org/wikipedia/commons/thumb/2/27/EU-Netherlands.svg/500px-EU-Netherlands.svg.png"" height=""300"" />";"Paesi Bassi ";;;;Europa
"<img src=""http://upload.wikimedia.org/wikipedia/commons/thumb/b/b6/Pakistan_%28orthographic_projection%29.svg/500px-Pakistan_%28orthographic_projection%29.svg.png"" height=""300"" />";"Pakistan ";;;;Asia
"<img src=""http://upload.wikimedia.org/wikipedia/commons/thumb/e/ef/Palau.png/480px-Palau.png"" height=""300"" />";"Palau ";;;;Oceania
"<img src=""http://upload.wikimedia.org/wikipedia/commons/thumb/e/e1/Panama_%28orthographic_projection%29.svg/500px-Panama_%28orthographic_projection%29.svg.png"" height=""300"" />";"Panamá ";;;;"America Centrale"
"<img src=""http://upload.wikimedia.org/wikipedia/commons/thumb/7/79/Papua_New_Guinea_%28orthographic_projection%29.svg/500px-Papua_New_Guinea_%28orthographic_projection%29.svg.png"" height=""300"" />";"Papua Nuova Guinea ";;;;Oceania
"<img src=""http://upload.wikimedia.org/wikipedia/commons/thumb/8/80/Paraguay_%28orthographic_projection%29.svg/500px-Paraguay_%28orthographic_projection%29.svg.png"" height=""300"" />";"Paraguay ";;;;"Sud America"
"<img src=""http://upload.wikimedia.org/wikipedia/commons/thumb/8/84/Peru_%28orthographic_projection%29.svg/500px-Peru_%28orthographic_projection%29.svg.png"" height=""300"" />";"Perù ";;;;"Sud America"
"<img src=""http://upload.wikimedia.org/wikipedia/commons/thumb/9/9b/EU-Poland.svg/500px-EU-Poland.svg.png"" height=""300"" />";"Polonia ";;;;Europa
"<img src=""http://upload.wikimedia.org/wikipedia/commons/thumb/a/a0/EU-Portugal_with_islands_circled.svg/500px-EU-Portugal_with_islands_circled.svg.png"" height=""300"" />";"Portogallo ";;;;Europa
"<img src=""http://upload.wikimedia.org/wikipedia/commons/thumb/d/d4/QAT_orthographic.svg/500px-QAT_orthographic.svg.png"" height=""300"" />";"Qatar ";;;;Asia
"<img src=""http://upload.wikimedia.org/wikipedia/commons/thumb/d/d6/Democratic_Republic_of_the_Congo_%28orthographic_projection%29.svg/500px-Democratic_Republic_of_the_Congo_%28orthographic_projection%29.svg.png"" height=""300"" />";"RD del Congo ";;;;Africa
"<img src=""http://upload.wikimedia.org/wikipedia/commons/thumb/d/d1/EU-United_Kingdom.svg/500px-EU-United_Kingdom.svg.png"" height=""300"" />";"Regno Unito ";;;;Europa
"<img src=""http://upload.wikimedia.org/wikipedia/commons/thumb/c/c4/Central_African_Republic_%28orthographic_projection%29.svg/500px-Central_African_Republic_%28orthographic_projection%29.svg.png"" height=""300"" />";"Rep. Centrafricana ";;;;Africa
"<img src=""http://upload.wikimedia.org/wikipedia/commons/thumb/a/a7/Republic_of_the_Congo_%28orthographic_projection%29.svg/500px-Republic_of_the_Congo_%28orthographic_projection%29.svg.png"" height=""300"" />";"Rep. del Congo ";;;;Africa
"<img src=""http://upload.wikimedia.org/wikipedia/commons/thumb/9/95/Dominican_Republic_%28orthographic_projection%29.svg/500px-Dominican_Republic_%28orthographic_projection%29.svg.png"" height=""300"" />";"Rep. Dominicana ";;;;"America Centrale"
"<img src=""http://upload.wikimedia.org/wikipedia/commons/thumb/3/33/EU-Czechia.svg/500px-EU-Czechia.svg.png"" height=""300"" />";"Repubblica Ceca";;;;Europa
"<img src=""http://upload.wikimedia.org/wikipedia/commons/thumb/1/13/EU-Romania.svg/500px-EU-Romania.svg.png"" height=""300"" />";"Romania ";;;;Europa
"<img src=""http://upload.wikimedia.org/wikipedia/commons/thumb/f/f6/LocationRwanda.svg/500px-LocationRwanda.svg.png"" height=""300"" />";"Ruanda ";;;;Africa
"<img src=""http://upload.wikimedia.org/wikipedia/commons/thumb/e/ec/Russian_Federation_%28orthographic_projection%29_-_Crimea_disputed.svg/500px-Russian_Federation_%28orthographic_projection%29_-_Crimea_disputed.svg.png"" height=""300"" />";"Russia ";;;;Europa|Asia
"<img src=""http://upload.wikimedia.org/wikipedia/commons/thumb/5/5d/KNA_orthographic.svg/500px-KNA_orthographic.svg.png"" height=""300"" />";"Saint Kitts e Nevis ";;;;"America Centrale"
"<img src=""http://upload.wikimedia.org/wikipedia/commons/thumb/7/70/VCT_orthographic.svg/500px-VCT_orthographic.svg.png"" height=""300"" />";"Saint Vincent e Grenadine ";;;;"America Centrale"
"<img src=""http://upload.wikimedia.org/wikipedia/commons/thumb/7/74/Samoa_on_the_globe_%28Polynesia_centered%29.svg/500px-Samoa_on_the_globe_%28Polynesia_centered%29.svg.png"" height=""300"" />";"Samoa ";;;;Oceania
"<img src=""http://upload.wikimedia.org/wikipedia/commons/thumb/7/79/Location_San_Marino_Europe.png/548px-Location_San_Marino_Europe.png"" height=""300"" />";"San Marino ";;;;Europa
"<img src=""http://upload.wikimedia.org/wikipedia/commons/b/b6/LocationSaintLucia.png"" height=""300"" />";"Santa Lucia ";;;;"America Centrale"
"<img src=""http://upload.wikimedia.org/wikipedia/commons/thumb/3/35/Location_S%C3%A3o_Tom%C3%A9_and_Pr%C3%ADncipe_AU_Africa.svg/500px-Location_S%C3%A3o_Tom%C3%A9_and_Pr%C3%ADncipe_AU_Africa.svg.png"" height=""300"" />";"São Tomé e Príncipe ";;;;Africa
"<img src=""http://upload.wikimedia.org/wikipedia/commons/thumb/3/33/Location_Senegal_AU_Africa.svg/500px-Location_Senegal_AU_Africa.svg.png"" height=""300"" />";"Senegal ";;;;Africa
"<img src=""http://upload.wikimedia.org/wikipedia/commons/thumb/b/ba/Location_Serbia_Europe.png/548px-Location_Serbia_Europe.png"" height=""300"" />";"Serbia ";;;;Europa
"<img src=""http://upload.wikimedia.org/wikipedia/commons/thumb/f/fb/Seychelles_in_its_region_%28small_islands_magnified%29.svg/500px-Seychelles_in_its_region_%28small_islands_magnified%29.svg.png"" height=""300"" />";"Seychelles ";;;;Africa
"<img src=""http://upload.wikimedia.org/wikipedia/commons/thumb/4/4f/Location_Sierra_Leone_AU_Africa.svg/500px-Location_Sierra_Leone_AU_Africa.svg.png"" height=""300"" />";"Sierra Leone ";;;;Africa
"<img src=""http://upload.wikimedia.org/wikipedia/commons/thumb/5/51/Singapore_in_its_region_%28zoom%29.svg/500px-Singapore_in_its_region_%28zoom%29.svg.png"" height=""300"" />";"Singapore ";;;;Asia
"<img src=""http://upload.wikimedia.org/wikipedia/commons/thumb/1/11/Syria_%28orthographic_projection%29.svg/500px-Syria_%28orthographic_projection%29.svg.png"" height=""300"" />";"Siria ";;;;Asia
"<img src=""http://upload.wikimedia.org/wikipedia/commons/thumb/1/1d/EU-Slovakia.svg/500px-EU-Slovakia.svg.png"" height=""300"" />";"Slovacchia ";;;;Europa
"<img src=""http://upload.wikimedia.org/wikipedia/commons/thumb/8/84/EU-Slovenia.svg/500px-EU-Slovenia.svg.png"" height=""300"" />";"Slovenia ";;;;Europa
"<img src=""http://upload.wikimedia.org/wikipedia/commons/thumb/4/4c/Somalia_%28orthographic_projection%29.svg/500px-Somalia_%28orthographic_projection%29.svg.png"" height=""300"" />";"Somalia ";;;;Africa
"<img src=""http://upload.wikimedia.org/wikipedia/commons/thumb/2/21/EU-Spain.svg/500px-EU-Spain.svg.png"" height=""300"" />";"Spagna ";;;;Europa
"<img src=""http://upload.wikimedia.org/wikipedia/commons/thumb/9/96/Sri_Lanka_%28orthographic_projection%29.svg/500px-Sri_Lanka_%28orthographic_projection%29.svg.png"" height=""300"" />";"Sri Lanka ";;;;Asia
"<img src=""http://upload.wikimedia.org/wikipedia/commons/thumb/d/dc/USA_orthographic.svg/500px-USA_orthographic.svg.png"" height=""300"" />";"Stati Uniti ";;;;"Nord America"
"<img src=""http://upload.wikimedia.org/wikipedia/commons/thumb/8/85/Location_South_Africa_AU_Africa.svg/500px-Location_South_Africa_AU_Africa.svg.png"" height=""300"" />";"Sudafrica|Sud Africa";;;;Africa
"<img src=""http://upload.wikimedia.org/wikipedia/commons/thumb/f/f8/Sudan_%28orthographic_projection%29_highlighted.svg/500px-Sudan_%28orthographic_projection%29_highlighted.svg.png"" height=""300"" />";"Sudan ";;;;Africa
"<img src=""http://upload.wikimedia.org/wikipedia/commons/thumb/f/fe/South_Sudan_hd_%28orthographic_projection%29.svg/500px-South_Sudan_hd_%28orthographic_projection%29.svg.png"" height=""300"" />";"Sudan del Sud ";;;;Africa
"<img src=""http://upload.wikimedia.org/wikipedia/commons/thumb/8/87/Suriname_%28orthographic_projection%29.svg/500px-Suriname_%28orthographic_projection%29.svg.png"" height=""300"" />";"Suriname ";;;;"Sud America"
"<img src=""http://upload.wikimedia.org/wikipedia/commons/thumb/0/06/EU-Sweden.svg/500px-EU-Sweden.svg.png"" height=""300"" />";"Svezia ";;;;Europa
"<img src=""http://upload.wikimedia.org/wikipedia/commons/thumb/6/61/Europe-Switzerland.svg/500px-Europe-Switzerland.svg.png"" height=""300"" />";"Svizzera ";;;;Europa
"<img src=""http://upload.wikimedia.org/wikipedia/commons/thumb/2/2a/Location_Swaziland_AU_Africa.svg/500px-Location_Swaziland_AU_Africa.svg.png"" height=""300"" />";"Swaziland ";;;;Africa
"<img src=""http://upload.wikimedia.org/wikipedia/commons/thumb/a/a1/Tajikistan_%28orthographic_projection%29.svg/500px-Tajikistan_%28orthographic_projection%29.svg.png"" height=""300"" />";"Tagikistan ";;;;Asia
"<img src=""http://upload.wikimedia.org/wikipedia/commons/thumb/c/c4/Locator_map_of_the_ROC_Taiwan.svg/500px-Locator_map_of_the_ROC_Taiwan.svg.png"" height=""300"" />";Taiwan;;;;Asia
"<img src=""http://upload.wikimedia.org/wikipedia/commons/thumb/3/3f/Tanzania_%28orthographic_projection%29.svg/500px-Tanzania_%28orthographic_projection%29.svg.png"" height=""300"" />";"Tanzania ";;;;Africa
"<img src=""http://upload.wikimedia.org/wikipedia/commons/thumb/6/6d/Thailand_%28orthographic_projection%29.svg/500px-Thailand_%28orthographic_projection%29.svg.png"" height=""300"" />";"Thailandia ";;;;Asia
"<img src=""http://upload.wikimedia.org/wikipedia/commons/thumb/0/0b/LocationEastTimor.svg/500px-LocationEastTimor.svg.png"" height=""300"" />";"Timor Est ";;;;Asia
"<img src=""http://upload.wikimedia.org/wikipedia/commons/thumb/1/1b/Location_Togo_AU_Africa.svg/500px-Location_Togo_AU_Africa.svg.png"" height=""300"" />";"Togo ";;;;Africa
"<img src=""http://upload.wikimedia.org/wikipedia/commons/thumb/c/ce/Tonga_on_the_globe_%28Polynesia_centered%29.svg/500px-Tonga_on_the_globe_%28Polynesia_centered%29.svg.png"" height=""300"" />";"Tonga ";;;;Oceania
"<img src=""http://upload.wikimedia.org/wikipedia/commons/thumb/e/ed/Trinidad_and_Tobago_%28orthographic_projection%29.svg/500px-Trinidad_and_Tobago_%28orthographic_projection%29.svg.png"" height=""300"" />";"Trinidad e Tobago ";;;;"Sud America"
"<img src=""http://upload.wikimedia.org/wikipedia/commons/thumb/1/1d/Tunisia_in_its_region.svg/500px-Tunisia_in_its_region.svg.png"" height=""300"" />";"Tunisia ";;;;Africa
"<img src=""http://upload.wikimedia.org/wikipedia/commons/thumb/d/dd/Turkey_%28orthographic_projection%29.svg/500px-Turkey_%28orthographic_projection%29.svg.png"" height=""300"" />";"Turchia ";;;;Asia|Europe
"<img src=""http://upload.wikimedia.org/wikipedia/commons/thumb/4/40/LocationTurkmenistan.svg/500px-LocationTurkmenistan.svg.png"" height=""300"" />";"Turkmenistan ";;;;Asia
"<img src=""http://upload.wikimedia.org/wikipedia/commons/thumb/2/2b/Tuvalu_on_the_globe_%28Polynesia_centered%29.svg/500px-Tuvalu_on_the_globe_%28Polynesia_centered%29.svg.png"" height=""300"" />";"Tuvalu ";;;;Oceania
"<img src=""http://upload.wikimedia.org/wikipedia/commons/thumb/1/17/Europe-Ukraine-Disputed.svg/500px-Europe-Ukraine-Disputed.svg.png"" height=""300"" />";"Ucraina ";;;;Europa
"<img src=""http://upload.wikimedia.org/wikipedia/commons/thumb/1/1d/Uganda_%28orthographic_projection%29.svg/500px-Uganda_%28orthographic_projection%29.svg.png"" height=""300"" />";"Uganda ";;;;Africa
"<img src=""http://upload.wikimedia.org/wikipedia/commons/thumb/6/60/EU-Hungary.svg/500px-EU-Hungary.svg.png"" height=""300"" />";"Ungheria ";;;;Europa
"<img src=""http://upload.wikimedia.org/wikipedia/commons/thumb/8/8d/Uruguay_%28orthographic_projection%29.svg/500px-Uruguay_%28orthographic_projection%29.svg.png"" height=""300"" />";"Uruguay ";;;;"Sud America"
"<img src=""http://upload.wikimedia.org/wikipedia/commons/thumb/7/76/%D0%A3%D0%B7%D0%B1%D0%B5%D0%BA%D0%B8%D1%81%D1%82%D0%B0%D0%BD_%D0%BD%D0%B0_%D0%B3%D0%BB%D0%BE%D0%B1%D1%83%D1%81%D0%B5.svg/500px-%D0%A3%D0%B7%D0%B1%D0%B5%D0%BA%D0%B8%D1%81%D1%82%D0%B0%D0%BD_%D0%BD%D0%B0_%D0%B3%D0%BB%D0%BE%D0%B1%D1%83%D1%81%D0%B5.svg.png"" height=""300"" />";"Uzbekistan ";;;;Asia
"<img src=""http://upload.wikimedia.org/wikipedia/commons/thumb/d/d9/Vanuatu_on_the_globe_%28Polynesia_centered%29.svg/500px-Vanuatu_on_the_globe_%28Polynesia_centered%29.svg.png"" height=""300"" />";"Vanuatu ";;;;Oceania
"<img src=""http://upload.wikimedia.org/wikipedia/commons/thumb/5/5e/VEN_orthographic.svg/500px-VEN_orthographic.svg.png"" height=""300"" />";"Venezuela ";;;;"Sud America"
"<img src=""http://upload.wikimedia.org/wikipedia/commons/thumb/d/d6/Location_Vietnam_ASEAN.svg/500px-Location_Vietnam_ASEAN.svg.png"" height=""300"" />";"Vietnam ";;;;Asia
"<img src=""http://upload.wikimedia.org/wikipedia/commons/thumb/f/f1/Yemen_%28orthographic_projection%29.svg/500px-Yemen_%28orthographic_projection%29.svg.png"" height=""300"" />";"Yemen ";;;;Asia
"<img src=""http://upload.wikimedia.org/wikipedia/commons/thumb/2/26/Zambia_%28orthographic_projection%29.svg/500px-Zambia_%28orthographic_projection%29.svg.png"" height=""300"" />";"Zambia ";;;;Africa
"<img src=""http://upload.wikimedia.org/wikipedia/commons/thumb/5/50/Zimbabwe_%28orthographic_projection%29.svg/500px-Zimbabwe_%28orthographic_projection%29.svg.png"" height=""300"" />";"Zimbabwe ";;;;Africa
;;;;;
;;;;;
